<?xml version="1.0" encoding="UTF-8"?>
<root>
  <item name="com.solodroid.android.exoplayer2.source.ads.AdPlaybackState.AdGroup AdGroup(int, int[], android.net.Uri[], long[]) 1">
    <annotation name="androidx.annotation.IntDef">
      <val name="value" val="{com.solodroid.android.exoplayer2.source.ads.AdPlaybackState.AD_STATE_UNAVAILABLE, com.solodroid.android.exoplayer2.source.ads.AdPlaybackState.AD_STATE_AVAILABLE, com.solodroid.android.exoplayer2.source.ads.AdPlaybackState.AD_STATE_SKIPPED, com.solodroid.android.exoplayer2.source.ads.AdPlaybackState.AD_STATE_PLAYED, com.solodroid.android.exoplayer2.source.ads.AdPlaybackState.AD_STATE_ERROR}" />
    </annotation>
  </item>
  <item name="com.solodroid.android.exoplayer2.source.ads.AdPlaybackState.AdGroup com.solodroid.android.exoplayer2.source.ads.AdPlaybackState.AdGroup withAdState(int, int) 0">
    <annotation name="androidx.annotation.IntDef">
      <val name="value" val="{com.solodroid.android.exoplayer2.source.ads.AdPlaybackState.AD_STATE_UNAVAILABLE, com.solodroid.android.exoplayer2.source.ads.AdPlaybackState.AD_STATE_AVAILABLE, com.solodroid.android.exoplayer2.source.ads.AdPlaybackState.AD_STATE_SKIPPED, com.solodroid.android.exoplayer2.source.ads.AdPlaybackState.AD_STATE_PLAYED, com.solodroid.android.exoplayer2.source.ads.AdPlaybackState.AD_STATE_ERROR}" />
    </annotation>
  </item>
  <item name="com.solodroid.android.exoplayer2.source.ads.AdPlaybackState.AdGroup int[] copyStatesWithSpaceForAdCount(int[], int)">
    <annotation name="androidx.annotation.IntDef">
      <val name="value" val="{com.solodroid.android.exoplayer2.source.ads.AdPlaybackState.AD_STATE_UNAVAILABLE, com.solodroid.android.exoplayer2.source.ads.AdPlaybackState.AD_STATE_AVAILABLE, com.solodroid.android.exoplayer2.source.ads.AdPlaybackState.AD_STATE_SKIPPED, com.solodroid.android.exoplayer2.source.ads.AdPlaybackState.AD_STATE_PLAYED, com.solodroid.android.exoplayer2.source.ads.AdPlaybackState.AD_STATE_ERROR}" />
    </annotation>
  </item>
  <item name="com.solodroid.android.exoplayer2.source.ads.AdPlaybackState.AdGroup int[] copyStatesWithSpaceForAdCount(int[], int) 0">
    <annotation name="androidx.annotation.IntDef">
      <val name="value" val="{com.solodroid.android.exoplayer2.source.ads.AdPlaybackState.AD_STATE_UNAVAILABLE, com.solodroid.android.exoplayer2.source.ads.AdPlaybackState.AD_STATE_AVAILABLE, com.solodroid.android.exoplayer2.source.ads.AdPlaybackState.AD_STATE_SKIPPED, com.solodroid.android.exoplayer2.source.ads.AdPlaybackState.AD_STATE_PLAYED, com.solodroid.android.exoplayer2.source.ads.AdPlaybackState.AD_STATE_ERROR}" />
    </annotation>
  </item>
  <item name="com.solodroid.android.exoplayer2.source.ads.AdPlaybackState.AdGroup states">
    <annotation name="androidx.annotation.IntDef">
      <val name="value" val="{com.solodroid.android.exoplayer2.source.ads.AdPlaybackState.AD_STATE_UNAVAILABLE, com.solodroid.android.exoplayer2.source.ads.AdPlaybackState.AD_STATE_AVAILABLE, com.solodroid.android.exoplayer2.source.ads.AdPlaybackState.AD_STATE_SKIPPED, com.solodroid.android.exoplayer2.source.ads.AdPlaybackState.AD_STATE_PLAYED, com.solodroid.android.exoplayer2.source.ads.AdPlaybackState.AD_STATE_ERROR}" />
    </annotation>
  </item>
  <item name="com.solodroid.android.exoplayer2.source.ads.AdPlaybackState.AdState">
    <annotation name="androidx.annotation.IntDef">
      <val name="value" val="{com.solodroid.android.exoplayer2.source.ads.AdPlaybackState.AD_STATE_UNAVAILABLE, com.solodroid.android.exoplayer2.source.ads.AdPlaybackState.AD_STATE_AVAILABLE, com.solodroid.android.exoplayer2.source.ads.AdPlaybackState.AD_STATE_SKIPPED, com.solodroid.android.exoplayer2.source.ads.AdPlaybackState.AD_STATE_PLAYED, com.solodroid.android.exoplayer2.source.ads.AdPlaybackState.AD_STATE_ERROR}" />
    </annotation>
  </item>
  <item name="com.solodroid.android.exoplayer2.source.ads.AdsLoader void setSupportedContentTypes(int...) 0">
    <annotation name="androidx.annotation.IntDef">
      <val name="value" val="{com.solodroid.android.exoplayer2.C.TYPE_DASH, com.solodroid.android.exoplayer2.C.TYPE_SS, com.solodroid.android.exoplayer2.C.TYPE_HLS, com.solodroid.android.exoplayer2.C.TYPE_OTHER}" />
    </annotation>
  </item>
  <item name="com.solodroid.android.exoplayer2.source.ads.AdsMediaSource.AdLoadException AdLoadException(int, java.lang.Exception) 0">
    <annotation name="androidx.annotation.IntDef">
      <val name="value" val="{com.solodroid.android.exoplayer2.source.ads.AdsMediaSource.AdLoadException.TYPE_AD, com.solodroid.android.exoplayer2.source.ads.AdsMediaSource.AdLoadException.TYPE_AD_GROUP, com.solodroid.android.exoplayer2.source.ads.AdsMediaSource.AdLoadException.TYPE_ALL_ADS, com.solodroid.android.exoplayer2.source.ads.AdsMediaSource.AdLoadException.TYPE_UNEXPECTED}" />
    </annotation>
  </item>
  <item name="com.solodroid.android.exoplayer2.source.ads.AdsMediaSource.AdLoadException type">
    <annotation name="androidx.annotation.IntDef">
      <val name="value" val="{com.solodroid.android.exoplayer2.source.ads.AdsMediaSource.AdLoadException.TYPE_AD, com.solodroid.android.exoplayer2.source.ads.AdsMediaSource.AdLoadException.TYPE_AD_GROUP, com.solodroid.android.exoplayer2.source.ads.AdsMediaSource.AdLoadException.TYPE_ALL_ADS, com.solodroid.android.exoplayer2.source.ads.AdsMediaSource.AdLoadException.TYPE_UNEXPECTED}" />
    </annotation>
  </item>
  <item name="com.solodroid.android.exoplayer2.source.ads.AdsMediaSource.AdLoadException.Type">
    <annotation name="androidx.annotation.IntDef">
      <val name="value" val="{com.solodroid.android.exoplayer2.source.ads.AdsMediaSource.AdLoadException.TYPE_AD, com.solodroid.android.exoplayer2.source.ads.AdsMediaSource.AdLoadException.TYPE_AD_GROUP, com.solodroid.android.exoplayer2.source.ads.AdsMediaSource.AdLoadException.TYPE_ALL_ADS, com.solodroid.android.exoplayer2.source.ads.AdsMediaSource.AdLoadException.TYPE_UNEXPECTED}" />
    </annotation>
  </item>
</root>

