<?xml version="1.0" encoding="UTF-8"?>
<root>
  <item name="com.solodroid.android.exoplayer2.source.hls.playlist.HlsMediaPlaylist HlsMediaPlaylist(int, java.lang.String, java.util.List&lt;java.lang.String&gt;, long, long, boolean, int, long, int, long, boolean, boolean, boolean, com.solodroid.android.exoplayer2.drm.DrmInitData, java.util.List&lt;com.solodroid.android.exoplayer2.source.hls.playlist.HlsMediaPlaylist.Segment&gt;) 0">
    <annotation name="androidx.annotation.IntDef">
      <val name="value" val="{com.solodroid.android.exoplayer2.source.hls.playlist.HlsMediaPlaylist.PLAYLIST_TYPE_UNKNOWN, com.solodroid.android.exoplayer2.source.hls.playlist.HlsMediaPlaylist.PLAYLIST_TYPE_VOD, com.solodroid.android.exoplayer2.source.hls.playlist.HlsMediaPlaylist.PLAYLIST_TYPE_EVENT}" />
    </annotation>
  </item>
  <item name="com.solodroid.android.exoplayer2.source.hls.playlist.HlsMediaPlaylist playlistType">
    <annotation name="androidx.annotation.IntDef">
      <val name="value" val="{com.solodroid.android.exoplayer2.source.hls.playlist.HlsMediaPlaylist.PLAYLIST_TYPE_UNKNOWN, com.solodroid.android.exoplayer2.source.hls.playlist.HlsMediaPlaylist.PLAYLIST_TYPE_VOD, com.solodroid.android.exoplayer2.source.hls.playlist.HlsMediaPlaylist.PLAYLIST_TYPE_EVENT}" />
    </annotation>
  </item>
  <item name="com.solodroid.android.exoplayer2.source.hls.playlist.HlsMediaPlaylist.PlaylistType">
    <annotation name="androidx.annotation.IntDef">
      <val name="value" val="{com.solodroid.android.exoplayer2.source.hls.playlist.HlsMediaPlaylist.PLAYLIST_TYPE_UNKNOWN, com.solodroid.android.exoplayer2.source.hls.playlist.HlsMediaPlaylist.PLAYLIST_TYPE_VOD, com.solodroid.android.exoplayer2.source.hls.playlist.HlsMediaPlaylist.PLAYLIST_TYPE_EVENT}" />
    </annotation>
  </item>
  <item name="com.solodroid.android.exoplayer2.source.hls.playlist.HlsPlaylistParser int parseSelectionFlags(java.lang.String)">
    <annotation name="androidx.annotation.IntDef">
      <val name="flag" val="true" />
      <val name="value" val="{com.solodroid.android.exoplayer2.C.SELECTION_FLAG_DEFAULT, com.solodroid.android.exoplayer2.C.SELECTION_FLAG_FORCED, com.solodroid.android.exoplayer2.C.SELECTION_FLAG_AUTOSELECT}" />
    </annotation>
  </item>
  <item name="com.solodroid.android.exoplayer2.source.hls.playlist.HlsPlaylistTracker int onLoadError(com.solodroid.android.exoplayer2.upstream.ParsingLoadable&lt;com.solodroid.android.exoplayer2.source.hls.playlist.HlsPlaylist&gt;, long, long, java.io.IOException)">
    <annotation name="androidx.annotation.IntDef">
      <val name="value" val="{com.solodroid.android.exoplayer2.upstream.Loader.RETRY, com.solodroid.android.exoplayer2.upstream.Loader.RETRY_RESET_ERROR_COUNT, com.solodroid.android.exoplayer2.upstream.Loader.DONT_RETRY, com.solodroid.android.exoplayer2.upstream.Loader.DONT_RETRY_FATAL}" />
    </annotation>
  </item>
  <item name="com.solodroid.android.exoplayer2.source.hls.playlist.HlsPlaylistTracker.MediaPlaylistBundle int onLoadError(com.solodroid.android.exoplayer2.upstream.ParsingLoadable&lt;com.solodroid.android.exoplayer2.source.hls.playlist.HlsPlaylist&gt;, long, long, java.io.IOException)">
    <annotation name="androidx.annotation.IntDef">
      <val name="value" val="{com.solodroid.android.exoplayer2.upstream.Loader.RETRY, com.solodroid.android.exoplayer2.upstream.Loader.RETRY_RESET_ERROR_COUNT, com.solodroid.android.exoplayer2.upstream.Loader.DONT_RETRY, com.solodroid.android.exoplayer2.upstream.Loader.DONT_RETRY_FATAL}" />
    </annotation>
  </item>
  <item name="com.solodroid.android.exoplayer2.source.hls.playlist.RenditionKey RenditionKey(int, int) 0">
    <annotation name="androidx.annotation.IntDef">
      <val name="value" val="{com.solodroid.android.exoplayer2.source.hls.playlist.RenditionKey.TYPE_VARIANT, com.solodroid.android.exoplayer2.source.hls.playlist.RenditionKey.TYPE_AUDIO, com.solodroid.android.exoplayer2.source.hls.playlist.RenditionKey.TYPE_SUBTITLE}" />
    </annotation>
  </item>
  <item name="com.solodroid.android.exoplayer2.source.hls.playlist.RenditionKey type">
    <annotation name="androidx.annotation.IntDef">
      <val name="value" val="{com.solodroid.android.exoplayer2.source.hls.playlist.RenditionKey.TYPE_VARIANT, com.solodroid.android.exoplayer2.source.hls.playlist.RenditionKey.TYPE_AUDIO, com.solodroid.android.exoplayer2.source.hls.playlist.RenditionKey.TYPE_SUBTITLE}" />
    </annotation>
  </item>
  <item name="com.solodroid.android.exoplayer2.source.hls.playlist.RenditionKey.Type">
    <annotation name="androidx.annotation.IntDef">
      <val name="value" val="{com.solodroid.android.exoplayer2.source.hls.playlist.RenditionKey.TYPE_VARIANT, com.solodroid.android.exoplayer2.source.hls.playlist.RenditionKey.TYPE_AUDIO, com.solodroid.android.exoplayer2.source.hls.playlist.RenditionKey.TYPE_SUBTITLE}" />
    </annotation>
  </item>
</root>

