<?xml version="1.0" encoding="UTF-8"?>
<root>
  <item name="com.solodroid.android.exoplayer2.analytics.AnalyticsCollector void onPositionDiscontinuity(int) 0">
    <annotation name="androidx.annotation.IntDef">
      <val name="value" val="{com.solodroid.android.exoplayer2.Player.DISCONTINUITY_REASON_PERIOD_TRANSITION, com.solodroid.android.exoplayer2.Player.DISCONTINUITY_REASON_SEEK, com.solodroid.android.exoplayer2.Player.DISCONTINUITY_REASON_SEEK_ADJUSTMENT, com.solodroid.android.exoplayer2.Player.DISCONTINUITY_REASON_AD_INSERTION, com.solodroid.android.exoplayer2.Player.DISCONTINUITY_REASON_INTERNAL}" />
    </annotation>
  </item>
  <item name="com.solodroid.android.exoplayer2.analytics.AnalyticsCollector void onRepeatModeChanged(int) 0">
    <annotation name="androidx.annotation.IntDef">
      <val name="value" val="{com.solodroid.android.exoplayer2.Player.REPEAT_MODE_OFF, com.solodroid.android.exoplayer2.Player.REPEAT_MODE_ONE, com.solodroid.android.exoplayer2.Player.REPEAT_MODE_ALL}" />
    </annotation>
  </item>
  <item name="com.solodroid.android.exoplayer2.analytics.AnalyticsCollector void onTimelineChanged(com.solodroid.android.exoplayer2.Timeline, java.lang.Object, int) 2">
    <annotation name="androidx.annotation.IntDef">
      <val name="value" val="{com.solodroid.android.exoplayer2.Player.TIMELINE_CHANGE_REASON_PREPARED, com.solodroid.android.exoplayer2.Player.TIMELINE_CHANGE_REASON_RESET, com.solodroid.android.exoplayer2.Player.TIMELINE_CHANGE_REASON_DYNAMIC}" />
    </annotation>
  </item>
  <item name="com.solodroid.android.exoplayer2.analytics.AnalyticsCollector.MediaPeriodQueueTracker void onPositionDiscontinuity(int) 0">
    <annotation name="androidx.annotation.IntDef">
      <val name="value" val="{com.solodroid.android.exoplayer2.Player.DISCONTINUITY_REASON_PERIOD_TRANSITION, com.solodroid.android.exoplayer2.Player.DISCONTINUITY_REASON_SEEK, com.solodroid.android.exoplayer2.Player.DISCONTINUITY_REASON_SEEK_ADJUSTMENT, com.solodroid.android.exoplayer2.Player.DISCONTINUITY_REASON_AD_INSERTION, com.solodroid.android.exoplayer2.Player.DISCONTINUITY_REASON_INTERNAL}" />
    </annotation>
  </item>
  <item name="com.solodroid.android.exoplayer2.analytics.AnalyticsListener void onPositionDiscontinuity(com.solodroid.android.exoplayer2.analytics.AnalyticsListener.EventTime, int) 1">
    <annotation name="androidx.annotation.IntDef">
      <val name="value" val="{com.solodroid.android.exoplayer2.Player.DISCONTINUITY_REASON_PERIOD_TRANSITION, com.solodroid.android.exoplayer2.Player.DISCONTINUITY_REASON_SEEK, com.solodroid.android.exoplayer2.Player.DISCONTINUITY_REASON_SEEK_ADJUSTMENT, com.solodroid.android.exoplayer2.Player.DISCONTINUITY_REASON_AD_INSERTION, com.solodroid.android.exoplayer2.Player.DISCONTINUITY_REASON_INTERNAL}" />
    </annotation>
  </item>
  <item name="com.solodroid.android.exoplayer2.analytics.AnalyticsListener void onRepeatModeChanged(com.solodroid.android.exoplayer2.analytics.AnalyticsListener.EventTime, int) 1">
    <annotation name="androidx.annotation.IntDef">
      <val name="value" val="{com.solodroid.android.exoplayer2.Player.REPEAT_MODE_OFF, com.solodroid.android.exoplayer2.Player.REPEAT_MODE_ONE, com.solodroid.android.exoplayer2.Player.REPEAT_MODE_ALL}" />
    </annotation>
  </item>
  <item name="com.solodroid.android.exoplayer2.analytics.AnalyticsListener void onTimelineChanged(com.solodroid.android.exoplayer2.analytics.AnalyticsListener.EventTime, int) 1">
    <annotation name="androidx.annotation.IntDef">
      <val name="value" val="{com.solodroid.android.exoplayer2.Player.TIMELINE_CHANGE_REASON_PREPARED, com.solodroid.android.exoplayer2.Player.TIMELINE_CHANGE_REASON_RESET, com.solodroid.android.exoplayer2.Player.TIMELINE_CHANGE_REASON_DYNAMIC}" />
    </annotation>
  </item>
</root>

