<?xml version="1.0" encoding="UTF-8"?>
<root>
  <item name="com.solodroid.android.exoplayer2.upstream.cache.CacheDataSource CacheDataSource(com.solodroid.android.exoplayer2.upstream.cache.Cache, com.solodroid.android.exoplayer2.upstream.DataSource, com.solodroid.android.exoplayer2.upstream.DataSource, com.solodroid.android.exoplayer2.upstream.DataSink, int, com.solodroid.android.exoplayer2.upstream.cache.CacheDataSource.EventListener) 4">
    <annotation name="androidx.annotation.IntDef">
      <val name="flag" val="true" />
      <val name="value" val="{com.solodroid.android.exoplayer2.upstream.cache.CacheDataSource.FLAG_BLOCK_ON_CACHE, com.solodroid.android.exoplayer2.upstream.cache.CacheDataSource.FLAG_IGNORE_CACHE_ON_ERROR, com.solodroid.android.exoplayer2.upstream.cache.CacheDataSource.FLAG_IGNORE_CACHE_FOR_UNSET_LENGTH_REQUESTS}" />
    </annotation>
  </item>
  <item name="com.solodroid.android.exoplayer2.upstream.cache.CacheDataSource CacheDataSource(com.solodroid.android.exoplayer2.upstream.cache.Cache, com.solodroid.android.exoplayer2.upstream.DataSource, int) 2">
    <annotation name="androidx.annotation.IntDef">
      <val name="flag" val="true" />
      <val name="value" val="{com.solodroid.android.exoplayer2.upstream.cache.CacheDataSource.FLAG_BLOCK_ON_CACHE, com.solodroid.android.exoplayer2.upstream.cache.CacheDataSource.FLAG_IGNORE_CACHE_ON_ERROR, com.solodroid.android.exoplayer2.upstream.cache.CacheDataSource.FLAG_IGNORE_CACHE_FOR_UNSET_LENGTH_REQUESTS}" />
    </annotation>
  </item>
  <item name="com.solodroid.android.exoplayer2.upstream.cache.CacheDataSource CacheDataSource(com.solodroid.android.exoplayer2.upstream.cache.Cache, com.solodroid.android.exoplayer2.upstream.DataSource, int, long) 2">
    <annotation name="androidx.annotation.IntDef">
      <val name="flag" val="true" />
      <val name="value" val="{com.solodroid.android.exoplayer2.upstream.cache.CacheDataSource.FLAG_BLOCK_ON_CACHE, com.solodroid.android.exoplayer2.upstream.cache.CacheDataSource.FLAG_IGNORE_CACHE_ON_ERROR, com.solodroid.android.exoplayer2.upstream.cache.CacheDataSource.FLAG_IGNORE_CACHE_FOR_UNSET_LENGTH_REQUESTS}" />
    </annotation>
  </item>
  <item name="com.solodroid.android.exoplayer2.upstream.cache.CacheDataSource void notifyCacheIgnored(int) 0">
    <annotation name="androidx.annotation.IntDef">
      <val name="value" val="{com.solodroid.android.exoplayer2.upstream.cache.CacheDataSource.CACHE_IGNORED_REASON_ERROR, com.solodroid.android.exoplayer2.upstream.cache.CacheDataSource.CACHE_IGNORED_REASON_UNSET_LENGTH}" />
    </annotation>
  </item>
  <item name="com.solodroid.android.exoplayer2.upstream.cache.CacheDataSource.CacheIgnoredReason">
    <annotation name="androidx.annotation.IntDef">
      <val name="value" val="{com.solodroid.android.exoplayer2.upstream.cache.CacheDataSource.CACHE_IGNORED_REASON_ERROR, com.solodroid.android.exoplayer2.upstream.cache.CacheDataSource.CACHE_IGNORED_REASON_UNSET_LENGTH}" />
    </annotation>
  </item>
  <item name="com.solodroid.android.exoplayer2.upstream.cache.CacheDataSource.EventListener void onCacheIgnored(int) 0">
    <annotation name="androidx.annotation.IntDef">
      <val name="value" val="{com.solodroid.android.exoplayer2.upstream.cache.CacheDataSource.CACHE_IGNORED_REASON_ERROR, com.solodroid.android.exoplayer2.upstream.cache.CacheDataSource.CACHE_IGNORED_REASON_UNSET_LENGTH}" />
    </annotation>
  </item>
  <item name="com.solodroid.android.exoplayer2.upstream.cache.CacheDataSource.Flags">
    <annotation name="androidx.annotation.IntDef">
      <val name="flag" val="true" />
      <val name="value" val="{com.solodroid.android.exoplayer2.upstream.cache.CacheDataSource.FLAG_BLOCK_ON_CACHE, com.solodroid.android.exoplayer2.upstream.cache.CacheDataSource.FLAG_IGNORE_CACHE_ON_ERROR, com.solodroid.android.exoplayer2.upstream.cache.CacheDataSource.FLAG_IGNORE_CACHE_FOR_UNSET_LENGTH_REQUESTS}" />
    </annotation>
  </item>
  <item name="com.solodroid.android.exoplayer2.upstream.cache.CacheDataSourceFactory CacheDataSourceFactory(com.solodroid.android.exoplayer2.upstream.cache.Cache, com.solodroid.android.exoplayer2.upstream.DataSource.Factory, com.solodroid.android.exoplayer2.upstream.DataSource.Factory, com.solodroid.android.exoplayer2.upstream.DataSink.Factory, int, com.solodroid.android.exoplayer2.upstream.cache.CacheDataSource.EventListener) 4">
    <annotation name="androidx.annotation.IntDef">
      <val name="flag" val="true" />
      <val name="value" val="{com.solodroid.android.exoplayer2.upstream.cache.CacheDataSource.FLAG_BLOCK_ON_CACHE, com.solodroid.android.exoplayer2.upstream.cache.CacheDataSource.FLAG_IGNORE_CACHE_ON_ERROR, com.solodroid.android.exoplayer2.upstream.cache.CacheDataSource.FLAG_IGNORE_CACHE_FOR_UNSET_LENGTH_REQUESTS}" />
    </annotation>
  </item>
  <item name="com.solodroid.android.exoplayer2.upstream.cache.CacheDataSourceFactory CacheDataSourceFactory(com.solodroid.android.exoplayer2.upstream.cache.Cache, com.solodroid.android.exoplayer2.upstream.DataSource.Factory, int) 2">
    <annotation name="androidx.annotation.IntDef">
      <val name="flag" val="true" />
      <val name="value" val="{com.solodroid.android.exoplayer2.upstream.cache.CacheDataSource.FLAG_BLOCK_ON_CACHE, com.solodroid.android.exoplayer2.upstream.cache.CacheDataSource.FLAG_IGNORE_CACHE_ON_ERROR, com.solodroid.android.exoplayer2.upstream.cache.CacheDataSource.FLAG_IGNORE_CACHE_FOR_UNSET_LENGTH_REQUESTS}" />
    </annotation>
  </item>
  <item name="com.solodroid.android.exoplayer2.upstream.cache.CacheDataSourceFactory CacheDataSourceFactory(com.solodroid.android.exoplayer2.upstream.cache.Cache, com.solodroid.android.exoplayer2.upstream.DataSource.Factory, int, long) 2">
    <annotation name="androidx.annotation.IntDef">
      <val name="flag" val="true" />
      <val name="value" val="{com.solodroid.android.exoplayer2.upstream.cache.CacheDataSource.FLAG_BLOCK_ON_CACHE, com.solodroid.android.exoplayer2.upstream.cache.CacheDataSource.FLAG_IGNORE_CACHE_ON_ERROR, com.solodroid.android.exoplayer2.upstream.cache.CacheDataSource.FLAG_IGNORE_CACHE_FOR_UNSET_LENGTH_REQUESTS}" />
    </annotation>
  </item>
</root>

