<?xml version="1.0" encoding="UTF-8"?>
<root>
  <item name="com.solodroid.android.exoplayer2.extractor.wav.WavHeader WavHeader(int, int, int, int, int, int) 5">
    <annotation name="androidx.annotation.IntDef">
      <val name="value" val="{com.solodroid.android.exoplayer2.Format.NO_VALUE, com.solodroid.android.exoplayer2.C.ENCODING_INVALID, com.solodroid.android.exoplayer2.C.ENCODING_PCM_8BIT, com.solodroid.android.exoplayer2.C.ENCODING_PCM_16BIT, com.solodroid.android.exoplayer2.C.ENCODING_PCM_24BIT, com.solodroid.android.exoplayer2.C.ENCODING_PCM_32BIT, com.solodroid.android.exoplayer2.C.ENCODING_PCM_FLOAT}" />
    </annotation>
  </item>
  <item name="com.solodroid.android.exoplayer2.extractor.wav.WavHeader encoding">
    <annotation name="androidx.annotation.IntDef">
      <val name="value" val="{com.solodroid.android.exoplayer2.Format.NO_VALUE, com.solodroid.android.exoplayer2.C.ENCODING_INVALID, com.solodroid.android.exoplayer2.C.ENCODING_PCM_8BIT, com.solodroid.android.exoplayer2.C.ENCODING_PCM_16BIT, com.solodroid.android.exoplayer2.C.ENCODING_PCM_24BIT, com.solodroid.android.exoplayer2.C.ENCODING_PCM_32BIT, com.solodroid.android.exoplayer2.C.ENCODING_PCM_FLOAT}" />
    </annotation>
  </item>
  <item name="com.solodroid.android.exoplayer2.extractor.wav.WavHeader int getEncoding()">
    <annotation name="androidx.annotation.IntDef">
      <val name="value" val="{com.solodroid.android.exoplayer2.Format.NO_VALUE, com.solodroid.android.exoplayer2.C.ENCODING_INVALID, com.solodroid.android.exoplayer2.C.ENCODING_PCM_8BIT, com.solodroid.android.exoplayer2.C.ENCODING_PCM_16BIT, com.solodroid.android.exoplayer2.C.ENCODING_PCM_24BIT, com.solodroid.android.exoplayer2.C.ENCODING_PCM_32BIT, com.solodroid.android.exoplayer2.C.ENCODING_PCM_FLOAT}" />
    </annotation>
  </item>
</root>

